service_id,input_id,coefficient
SINAPI_104658,SINAPI_4750,0.6525468
SINAPI_104658,SINAPI_6111,1.3061148
SINAPI_104658,SINAPI_34353,8.62
SINAPI_104658,SINAPI_34357,0.24
SINAPI_104658,SINAPI_36178,6.4375
SINAPI_104658,SINAPI_37370,1.918
SINAPI_104658,SINAPI_37371,1.918
SINAPI_104658,SINAPI_37372,1.918
SINAPI_104658,SINAPI_37373,1.918
SINAPI_104658,SINAPI_43465,0.639
SINAPI_104658,SINAPI_43467,1.279
SINAPI_104658,SINAPI_43489,0.639
SINAPI_104658,SINAPI_43491,1.279
SINAPI_88316,SINAPI_6111,1.0212
SINAPI_88316,SINAPI_37370,1.0
SINAPI_88316,SINAPI_37371,1.0
SINAPI_88316,SINAPI_37372,1.0
SINAPI_88316,SINAPI_37373,1.0
SINAPI_88316,SINAPI_43467,1.0
SINAPI_88316,SINAPI_43491,1.0
SINAPI_88309,SINAPI_4750,1.0212
SINAPI_88309,SINAPI_37370,1.0
SINAPI_88309,SINAPI_37371,1.0
SINAPI_88309,SINAPI_37372,1.0
SINAPI_88309,SINAPI_37373,1.0
SINAPI_88309,SINAPI_43465,1.0
SINAPI_88309,SINAPI_43489,1.0
SINAPI_95378,SINAPI_6111,0.0212
SINAPI_95371,SINAPI_4750,0.0212
