input_id,price,supplier,reference_source,location,period
SINAPI_4750,30.72,,SINAPI,SC,2025-09
SINAPI_6111,20.18,,SINAPI,SC,2025-09
SINAPI_34353,1.3,,SINAPI,SC,2025-09
SINAPI_34357,4.11,,SINAPI,SC,2025-09
SINAPI_36178,12.7,,SINAPI,SC,2025-09
SINAPI_37370,0.01,,SINAPI,SC,2025-09
SINAPI_37371,0.61,,SINAPI,SC,2025-09
SINAPI_37372,1.43,,SINAPI,SC,2025-09
SINAPI_37373,0.08,,SINAPI,SC,2025-09
SINAPI_43465,0.78,,SINAPI,SC,2025-09
SINAPI_43467,0.61,,SINAPI,SC,2025-09
SINAPI_43489,1.31,,SINAPI,SC,2025-09
SINAPI_43491,1.39,,SINAPI,SC,2025-09
